{
  "GetMatches" : {
    "transaction" : "GetMatches",
    "sampleCount" : 64000,
    "errorCount" : 3,
    "errorPct" : 0.0046875,
    "meanResTime" : 50.82462500000017,
    "medianResTime" : 37.0,
    "minResTime" : 10.0,
    "maxResTime" : 21606.0,
    "pct1ResTime" : 63.0,
    "pct2ResTime" : 108.0,
    "pct3ResTime" : 173.0,
    "throughput" : 1736.7235624542075,
    "receivedKBytesPerSec" : 330.74826454845186,
    "sentKBytesPerSec" : 284.91785331469976
  },
  "Post" : {
    "transaction" : "Post",
    "sampleCount" : 16000,
    "errorCount" : 224,
    "errorPct" : 1.4,
    "meanResTime" : 40.565937500000196,
    "medianResTime" : 31.0,
    "minResTime" : 9.0,
    "maxResTime" : 3344.0,
    "pct1ResTime" : 59.0,
    "pct2ResTime" : 84.0,
    "pct3ResTime" : 303.9899999999998,
    "throughput" : 781.8608287724785,
    "receivedKBytesPerSec" : 157.34142694182466,
    "sentKBytesPerSec" : 330.5263206118061
  },
  "Total" : {
    "transaction" : "Total",
    "sampleCount" : 144000,
    "errorCount" : 229,
    "errorPct" : 0.15902779,
    "meanResTime" : 51.963486111111045,
    "medianResTime" : 27.0,
    "minResTime" : 9.0,
    "maxResTime" : 21606.0,
    "pct1ResTime" : 50.0,
    "pct2ResTime" : 64.0,
    "pct3ResTime" : 129.0,
    "throughput" : 2782.8237931434314,
    "receivedKBytesPerSec" : 514.162383173337,
    "sentKBytesPerSec" : 534.1103509208441
  },
  "GetStats" : {
    "transaction" : "GetStats",
    "sampleCount" : 64000,
    "errorCount" : 2,
    "errorPct" : 0.003125,
    "meanResTime" : 55.95189062499982,
    "medianResTime" : 33.0,
    "minResTime" : 10.0,
    "maxResTime" : 19256.0,
    "pct1ResTime" : 62.0,
    "pct2ResTime" : 71.0,
    "pct3ResTime" : 130.9900000000016,
    "throughput" : 1234.8299214725346,
    "receivedKBytesPerSec" : 216.04907333490902,
    "sentKBytesPerSec" : 200.17125125412414
  },
  "HTTP Request" : {
    "transaction" : "HTTP Request",
    "sampleCount" : 144000,
    "errorCount" : 229,
    "errorPct" : 0.15902779,
    "meanResTime" : 51.963486111111045,
    "medianResTime" : 27.0,
    "minResTime" : 9.0,
    "maxResTime" : 21606.0,
    "pct1ResTime" : 50.0,
    "pct2ResTime" : 64.0,
    "pct3ResTime" : 129.0,
    "throughput" : 2782.8237931434314,
    "receivedKBytesPerSec" : 514.162383173337,
    "sentKBytesPerSec" : 534.1103509208441
  }
}