{
  "GetMatches" : {
    "transaction" : "GetMatches",
    "sampleCount" : 64000,
    "errorCount" : 0,
    "errorPct" : 0.0,
    "meanResTime" : 29.376328124999773,
    "medianResTime" : 25.0,
    "minResTime" : 9.0,
    "maxResTime" : 1066.0,
    "pct1ResTime" : 33.0,
    "pct2ResTime" : 36.0,
    "pct3ResTime" : 43.0,
    "throughput" : 2684.6763706531315,
    "receivedKBytesPerSec" : 623.340675337682,
    "sentKBytesPerSec" : 382.77612315952854
  },
  "Post" : {
    "transaction" : "Post",
    "sampleCount" : 16000,
    "errorCount" : 260,
    "errorPct" : 1.625,
    "meanResTime" : 21.41868749999991,
    "medianResTime" : 19.0,
    "minResTime" : 9.0,
    "maxResTime" : 1099.0,
    "pct1ResTime" : 30.0,
    "pct2ResTime" : 35.0,
    "pct3ResTime" : 64.0,
    "throughput" : 977.5171065493646,
    "receivedKBytesPerSec" : 224.51486895161293,
    "sentKBytesPerSec" : 392.26095697397363
  },
  "Total" : {
    "transaction" : "Total",
    "sampleCount" : 144000,
    "errorCount" : 263,
    "errorPct" : 0.18263888,
    "meanResTime" : 30.905298611111068,
    "medianResTime" : 21.0,
    "minResTime" : 9.0,
    "maxResTime" : 20056.0,
    "pct1ResTime" : 31.0,
    "pct2ResTime" : 34.0,
    "pct3ResTime" : 45.0,
    "throughput" : 3684.937816674344,
    "receivedKBytesPerSec" : 829.9470270196786,
    "sentKBytesPerSec" : 628.1054677503965
  },
  "GetStats" : {
    "transaction" : "GetStats",
    "sampleCount" : 64000,
    "errorCount" : 3,
    "errorPct" : 0.0046875,
    "meanResTime" : 34.80603125000017,
    "medianResTime" : 25.0,
    "minResTime" : 9.0,
    "maxResTime" : 20056.0,
    "pct1ResTime" : 36.0,
    "pct2ResTime" : 39.0,
    "pct3ResTime" : 48.0,
    "throughput" : 1634.8634633560682,
    "receivedKBytesPerSec" : 355.0206193961223,
    "sentKBytesPerSec" : 229.8918978465783
  },
  "HTTP Request" : {
    "transaction" : "HTTP Request",
    "sampleCount" : 144000,
    "errorCount" : 263,
    "errorPct" : 0.18263888,
    "meanResTime" : 30.905298611111068,
    "medianResTime" : 21.0,
    "minResTime" : 9.0,
    "maxResTime" : 20056.0,
    "pct1ResTime" : 31.0,
    "pct2ResTime" : 34.0,
    "pct3ResTime" : 45.0,
    "throughput" : 3684.937816674344,
    "receivedKBytesPerSec" : 829.9470270196786,
    "sentKBytesPerSec" : 628.1054677503965
  }
}