{
  "GetMatches" : {
    "transaction" : "GetMatches",
    "sampleCount" : 64000,
    "errorCount" : 1,
    "errorPct" : 0.0015625,
    "meanResTime" : 36.30595312499998,
    "medianResTime" : 30.0,
    "minResTime" : 9.0,
    "maxResTime" : 10059.0,
    "pct1ResTime" : 41.0,
    "pct2ResTime" : 47.0,
    "pct3ResTime" : 102.0,
    "throughput" : 2265.0056625141565,
    "receivedKBytesPerSec" : 526.5539910218183,
    "sentKBytesPerSec" : 320.7233295030259
  },
  "Post" : {
    "transaction" : "Post",
    "sampleCount" : 16000,
    "errorCount" : 274,
    "errorPct" : 1.7125,
    "meanResTime" : 31.078312499999853,
    "medianResTime" : 21.0,
    "minResTime" : 9.0,
    "maxResTime" : 10000.0,
    "pct1ResTime" : 35.0,
    "pct2ResTime" : 60.0,
    "pct3ResTime" : 299.9899999999998,
    "throughput" : 761.832206456528,
    "receivedKBytesPerSec" : 176.50458140891345,
    "sentKBytesPerSec" : 304.9203182286211
  },
  "Total" : {
    "transaction" : "Total",
    "sampleCount" : 144000,
    "errorCount" : 279,
    "errorPct" : 0.19375,
    "meanResTime" : 38.571340277778084,
    "medianResTime" : 23.0,
    "minResTime" : 9.0,
    "maxResTime" : 10060.0,
    "pct1ResTime" : 35.0,
    "pct2ResTime" : 39.0,
    "pct3ResTime" : 51.0,
    "throughput" : 4626.80332872795,
    "receivedKBytesPerSec" : 1043.8684689578447,
    "sentKBytesPerSec" : 784.0901046854416
  },
  "GetStats" : {
    "transaction" : "GetStats",
    "sampleCount" : 64000,
    "errorCount" : 4,
    "errorPct" : 0.00625,
    "meanResTime" : 42.71012499999986,
    "medianResTime" : 26.0,
    "minResTime" : 9.0,
    "maxResTime" : 10060.0,
    "pct1ResTime" : 44.0,
    "pct2ResTime" : 49.0,
    "pct3ResTime" : 100.0,
    "throughput" : 2051.413552150779,
    "receivedKBytesPerSec" : 445.63945029529134,
    "sentKBytesPerSec" : 286.45879243060455
  },
  "HTTP Request" : {
    "transaction" : "HTTP Request",
    "sampleCount" : 144000,
    "errorCount" : 279,
    "errorPct" : 0.19375,
    "meanResTime" : 38.571340277778084,
    "medianResTime" : 23.0,
    "minResTime" : 9.0,
    "maxResTime" : 10060.0,
    "pct1ResTime" : 35.0,
    "pct2ResTime" : 39.0,
    "pct3ResTime" : 51.0,
    "throughput" : 4626.80332872795,
    "receivedKBytesPerSec" : 1043.8684689578447,
    "sentKBytesPerSec" : 784.0901046854416
  }
}